Area of Interest 1,Area of Interest 2,Area of Interest 3,Area of Interest 4,Area of Interest 5,Area of Interest 6,Area of Interest 7,Area of Interest 8,Area of Interest 9,Area of Interest 10,Area of Interest 11,Area of Interest 12,Area of Interest 13,Area of Interest 14,Area of Interest 15,Area of Interest 16,Area of Interest 17,Area of Interest 18,Area of Interest 19
software engineering,dbms,,,,,,,,,,,,,,,,,
dbms,,,,,,,,,,,,,,,,,,
information processing,multimedia mining,,,,,,,,,,,,,,,,,
nlp,information retrieval,question answering system,,,,,,,,,,,,,,,,
vlsi electronics dld database,,,,,,,,,,,,,,,,,,
software engineering,computer networks.,,,,,,,,,,,,,,,,,
human computer interaction,web development,software engineering,networking,,,,,,,,,,,,,,,
human computer interaction,web,,,,,,,,,,,,,,,,,
java programming,,,,,,,,,,,,,,,,,,
programming,,,,,,,,,,,,,,,,,,
object detection,object tracking,pattern recognition,human computer interaction,software engineering,data structures,algorithms,object oriented programming,,,,,,,,,,,
semantic web,machine learning,,,,,,,,,,,,,,,,,
semantic web,,,,,,,,,,,,,,,,,,
computer graphics,digital logic design,software engineering,operating systems,artificial intelligence,,,,,,,,,,,,,,
data structures,algorithms,programming,,,,,,,,,,,,,,,,
software engineering,theory of automata,formal languages,,,,,,,,,,,,,,,,
wireless sensor networks,manets,internet of things,,,,,,,,,,,,,,,,
machine learning,data mining,decision support system,business intelligence,big data analytics,outcome based education,,,,,,,,,,,,,
complex communication networks such as internet of things,online social networks,wireless sensor networks etc. biological networks modeling,simulation,agent-based computing.,,,,,,,,,,,,,,
mining data streams,ubiquitous data mining,intrusion detection,distributed data mining,machine learning,data mining,real-time system,publish,subscribe system,wireless sensor networks,active databases eca rules,,,,,,,,
software pipelining,chromatic scheduling,reliable computing,real-time systems,,,,,,,,,,,,,,,
system administration,research,development,,,,,,,,,,,,,,,,
,,,,,,,,,,,,,,,,,,
wireless ad-hoc,sensor,vehicular,body area networks,,,,,,,,,,,,,,,
modelling,simulating change,business processes,software engineering for mobile applications.,,,,,,,,,,,,,,,
image processing,computer vision,information security,,,,,,,,,,,,,,,,
natural language processing (nlp),which falls under the broader category of artificial intelligence. dr. shahid is interested in building multilingual,bilingual,monolingual resources using supervised,unsupervised learning approaches. he is also interested in applications of machine learning approaches.,,,,,,,,,,,,,,
routing,medium access control,resource allocation,security related issues in: internet of things,cloud computing,wireless ad hoc networks (sensor networks,vehicular networks,cognitive radio networks,delay tolerant networks),smart grids. moreover,i am interested in applications of algorithmic game theory to various problems in wireless networks,global software development.,,,,,,,
mac protocol design,internet of things,,security issues in wireless communication systems,,,,,,,,,,,,,,,
collaborative systems,social network analysis,information privacy,,access control,,,,,,,,,,,,,,
formal methods (verification,modeling,,analysis) of large scale systems,such as cloud computing system,,,,,,,,,,,,,,
vehicular ad-hoc network,wireless sensor network,underwater wireless sensor network,cyber physical systems,software defined networking,information-centric networking.,,,,,,,,,,,,,
query processing in wireless sensor network,distributed spatial analysis,distributed computing using ad hoc wireless networks.,,,,,,,,,,,,,,,,
wireless sensor networks. she is interested in the design,performance evaluation of communication protocols for wireless ad hoc,sensor networks. she is also interested in information centric networks.,,,,,,,,,,,,,,,,
artificial intelligence,data mining,machine learning,software engineering,requirement engineering.,,,,,,,,,,,,,,
routing issues on wireless sensor networks or wireless body area networks.,,,,,,,,,,,,,,,,,,
computer security,application of cellular automata.,,,,,,,,,,,,,,,,,
object oriented programming,visual programming,software project management,model transformation.,,,,,,,,,,,,,,,
software project management,software engineering.,,,,,,,,,,,,,,,,,
smart health,big data analytics,recommendation systems,patent analysis,,social network analysis,,,,,,,,,,,,,
software process improvement,requirements engineering,software development outsourcing,,,,,,,,,,,,,,,,
interactive systems,human computer interaction,ubiquitous computing,multimodal interfaces.,,,,,,,,,,,,,,,
n hci in general,usability evaluation,user experience,,,,,,,,,,,,,,,,
underwater wireless sensor networks,energy management.,,,,,,,,,,,,,,,,,
natural language processing,machine learning,,text mining.,,,,,,,,,,,,,,,
secure,dependable software defined networks,man-at-the-end attacks plus human attacker attribution,profiling,large scale distributed systems (fog,edge,,cloud computing (cc),mobile cloud computing (mcc) etc.),remote data auditing,light weight cryptography,blockchain,cryptocurrency.,,,,,,
software testing,object oriented analysis,design,,formal methods,,,,,,,,,,,,,,
business intelligence,information system management,e-commerce.,,,,,,,,,,,,,,,,
,,,,,,,,,,,,,,,,,,
visual perception,computer vision,gpgpu,,,,,,,,,,,,,,,,
native simulation of mpsoc,virtualization,software performance estimation,binary translation,,,,,,,,,,,,,,,
parallel,distributed simulation,,,,,,,,,,,,,,,,,
question answering,credibility assessment,information retrieval,information processing,semantic web,,,,,,,,,,,,,,
energy efficiency in telecommunication networks,optical network optimization,,,,,,,,,,,,,,,,,
wireless networks,,,,,,,,,,,,,,,,,,
wireless sensor networks,iot,image encryption,compression,localization,,,,,,,,,,,,,,
human motion analysis,character animation,inertial based motion analysis,ubiquitous computing,robotics,,,,,,,,,,,,,,
localization in wireless sensor networks,soft computing techniques,,,,,,,,,,,,,,,,,
surgical robotics,mathematical modeling,fuzzy controllers,,,,,,,,,,,,,,,,
databases,information retrieval,,,,,,,,,,,,,,,,,
management,technology in general,,,,,,,,,,,,,,,,,
distributed computing,,,,,,,,,,,,,,,,,,
e-learning,big data,application development,,,,,,,,,,,,,,,,
machine learning,,,,,,,,,,,,,,,,,,
,,,,,,,,,,,,,,,,,,
wireless sensor networks,data centre networking,software defined networking,,,,,,,,,,,,,,,,
pattern recognition,computer vision,machine learning,medical image analysis,,,,,,,,,,,,,,,
scientific,information visualization,comparative visualization,industrial ct (hec approved phd supervisor),,,,,,,,,,,,,,,
software enginneering,system modeling,analysis,formal verification,,,,,,,,,,,,,,,
software engineering,requirements engineering,software quality,software engineering education (e-learning),cybersecurity (governance,management,audit,data security,privacy),,,,,,,,,,
empirical software engineering,requirements engineering,usability engineering,global software development,agile development,software engineering education,,,,,,,,,,,,,
artificial intelligence,model base testing,,,,,,,,,,,,,,,,,
wireless networks,evolutionary computing,machine learning,,,,,,,,,,,,,,,,
software engineering practices,web development,software project management,,,,,,,,,,,,,,,,
data science,machine learning,software engineering,,,,,,,,,,,,,,,,
,,,,,,,,,,,,,,,,,,
,,,,,,,,,,,,,,,,,,
data mining,computational intelligence,machine learning,,theory of computation,,,,,,,,,,,,,,
databases,grid computing,cloud computing,information systems,software applications architecture,,,,,,,,,,,,,,
computational structural biology. he is particularly interested in computational identification of novel drug targets,drug repositioning,biophysical modelling of tissues,computational characterization of membrane proteins.,,,,,,,,,,,,,,,
artificial intelligence,computational intelligence,machine learning,data mining,knowledge discovery,evolutionary gaming,machine vision,robotics,,,,,,,,,,,
computer networks,high-performance computing,computer communications,performance evaluation (simulation,analytical modeling) of computer,communication systems,mobility management. currently,he is working on mobility cost analysis in mobile networks.,,,,,,,,,,,
model-driven engineering,software testing,,empirical software engineering,,,,,,,,,,,,,,,
cloud computing,services composition,,,,,,,,,,,,,,,,,
artificial intelligence,computational intelligence,machine learning,data mining,knowledge discovery,evolutionary gaming,machine vision,robotics.,,,,,,,,,,,
agile software development methods,empirical software engineering,requirements engineering,wearable learning,,merger of artificial intelligence with software engineering,,,,,,,,,,,,,
,,,,,,,,,,,,,,,,,,
confluence of green computation,compiler optimizations,memory hierarchy optimizations,constraint programming,graph theoretic algorithms. during the last few years he has worked on several compiler optimization problems targeted towards low-end,power constrained processors. these include formalizing instruction scheduling for clustered architectures,memory hierarchy optimizations,code generation.,,,,,,,,,,,
internet of things (iot),mobile,pervasive computing,geo-distributed fog,cloud computing,software-defined networking (sdn) with focus on scalability,quality of service (qos),fault tolerance,security aspects,,,,,,,,,,
,,,,,,,,,,,,,,,,,,
visual recognition (object detection,image classification,face recognition,etc.),machine learning,programming,,,,,,,,,,,,,
computer vision,machine learning,pattern recognition,image,video retrieval.,,,,,,,,,,,,,,
model driven software engineering,in particular focusing on model transformations,automated model based software testing,,,,,,,,,,,,,,,,
management information systems,its security,software project management,human computer interaction,,supply chain management.,,,,,,,,,,,,,
model driven architecture (mda),specifically mda model transformation for generating unified modeling language (uml) artifacts from legacy system design.,,,,,,,,,,,,,,,,,
computer programming,software engineering,,artificial intelligence,,,,,,,,,,,,,,,
computer communications,networks.,,,,,,,,,,,,,,,,,
traffic analysis,performance evaluation,theory of computation,professional ethics.,,,,,,,,,,,,,,,
image processing (particularly medical image processing),computer vision,machine learning,,bio informatics.,,,,,,,,,,,,,,
data mining,business intelligence,,social computing.,,,,,,,,,,,,,,,
human computer interaction,m-commerce,user acceptance on it,requirement engineering.,,,,,,,,,,,,,,,
,,,,,,,,,,,,,,,,,,
,,,,,,,,,,,,,,,,,,
,,,,,,,,,,,,,,,,,,
,,,,,,,,,,,,,,,,,,
,,,,,,,,,,,,,,,,,,
,,,,,,,,,,,,,,,,,,
,,,,,,,,,,,,,,,,,,
cognitive radio networks,wireless sensor networks,internet of things,,,,,,,,,,,,,,,,
,,,,,,,,,,,,,,,,,,
,,,,,,,,,,,,,,,,,,
,,,,,,,,,,,,,,,,,,
,,,,,,,,,,,,,,,,,,
,,,,,,,,,,,,,,,,,,
,,,,,,,,,,,,,,,,,,
,,,,,,,,,,,,,,,,,,
,,,,,,,,,,,,,,,,,,
,,,,,,,,,,,,,,,,,,
next generation networks,security,,,,,,,,,,,,,,,,,
image processing,pattern recognition,machine learning,data mining,computational intelligence techniques,,,,,,,,,,,,,,
text mining,information retrieval,information extraction,social network analysis,machine learning,graphical models,topic models,,,,,,,,,,,,
professional software development,analysis,statistical software engineering,stochastic process,sensor networks,collaborative communications,information security,,,,,,,,,,,,
network routing algorithms,,,,,,,,,,,,,,,,,,
natural language processing,text mining,,,,,,,,,,,,,,,,,
digital image processing and computer vision,,,,,,,,,,,,,,,,,,
database designing,database,data mining,datawarehousing,,,,,,,,,,,,,,,
digital image processing,computer vision,computer graphics,,,,,,,,,,,,,,,,
s,w engineering,,,,,,,,,,,,,,,,,
,,,,,,,,,,,,,,,,,,
computer networks,os,computer architecture,,,,,,,,,,,,,,,,
data warehousing (etl),,,,,,,,,,,,,,,,,,
,,,,,,,,,,,,,,,,,,
information retrieval,data mining,social network analysis,probabilistic topic models,machine learning,data grids,,,,,,,,,,,,,
requirement engineering,global software development,project management.,,,,,,,,,,,,,,,,
,,,,,,,,,,,,,,,,,,
,,,,,,,,,,,,,,,,,,
,,,,,,,,,,,,,,,,,,
,,,,,,,,,,,,,,,,,,
image processing,,,,,,,,,,,,,,,,,,
data mining,bioinformatics,,,,,,,,,,,,,,,,,
communication,networks,databases,,,,,,,,,,,,,,,,
indoor positioning systems,mobility management,h,over in wireless communication.,,,,,,,,,,,,,,,
databases,data warehousing,artificial intelligence,data structures,algorithms,,,,,,,,,,,,,,
wireless sensor networks security,mobile application development,voip,cloud computing,next generation networks,ims,volte,,,,,,,,,,,,
human computer interaction (hci),knowledge management,software project management,management information system (mis),,,,,,,,,,,,,,,
language teaching,applied linguistics (language teaching),literature.,,,,,,,,,,,,,,,,
artificial intelligence,programming,algorithms,data warehousing,databases,,,,,,,,,,,,,,
language definition,translators,data structures,algorithms,programming,,,,,,,,,,,,,,
,,,,,,,,,,,,,,,,,,
computer networks,communication,operating system,,,,,,,,,,,,,,,,
,,,,,,,,,,,,,,,,,,
web application development,databases,programming,,,,,,,,,,,,,,,,
wireless multihop networks,b,width estimation,reservation,ieee 802.11,ieee 802.11e,,,,,,,,,,,,,
wireless multihop networks,b,width estimation,reservation,ieee 802.11,ieee 802.11e,,,,,,,,,,,,,
,,,,,,,,,,,,,,,,,,
software engineering,success,failure of erp implementation,usability,requirements prioritization,,,,,,,,,,,,,,
machine learning,data mining,evolutionary algorithms,artificial intelligence,,,,,,,,,,,,,,,
large scale schema matching,integration,machine learning,pattern recognition,social network analysis,information retrieval systems (recommender systems),semantic web,software re-engineering,bioinformatics,,,,,,,,,,
computer vision,data analysis,pattern matching,video surveillance,object tracking,re-identification,,,,,,,,,,,,,
,,,,,,,,,,,,,,,,,,
biomedical image processing,analysis,pattern recognition,machine learning,,,,,,,,,,,,,,,
multimedia design,system,human computer interaction,computer vision,artificial intelligence,image processing,computer graphics,,,,,,,,,,,,
image analysis,deep learning,,,,,,,,,,,,,,,,,
data mining,quality management,project management,,,,,,,,,,,,,,,,
semantic web,ontology engineering,data sciences,,,,,,,,,,,,,,,,
cybersecurity,mobile cloud computing,,iot,,,,,,,,,,,,,,,
computer vision,,,,,,,,,,,,,,,,,,
wireless networks,security,5g,internet of things.,,,,,,,,,,,,,,,
social networks analysis,software testing,algorithm design,development.,,,,,,,,,,,,,,,
software engineering web technologies,,,,,,,,,,,,,,,,,,
software engineering,,,,,,,,,,,,,,,,,,
wireless sensors,cluster,cloud computing,programming.,,,,,,,,,,,,,,,
data privacy,artificial intelligence,digital marketing,web development,,,,,,,,,,,,,,,
,,,,,,,,,,,,,,,,,,
,,,,,,,,,,,,,,,,,,
ad hoc networks,wireless sensor networks,wireless personal area networks,wireless body area networks,,,,,,,,,,,,,,,
wave mechanics,fluid mechanics,,,,,,,,,,,,,,,,,
formal languages,compiler design,quality in education,,,,,,,,,,,,,,,,
,,,,,,,,,,,,,,,,,,
data science,e-learning,software engineering,augmented,virtual reality,,,,,,,,,,,,,,
mobile ad hoc networks,wireless sensor networks (wsns),wireless body area networks,coverage in wsns,software defined networking,massive machine type access in future generation networks,low power wide area networks (lpwan),adaptive data rate in lpwan,approximation algorithms,,np-hard problems in wireless sensor networks,wireless chargeable sensor networks,,,,,,,
pattern recognition,image analysis,machine learning.,,,,,,,,,,,,,,,,
digital image processing,document analysis,computer vision,,,,,,,,,,,,,,,,
digital preservation,database preservation,information retrieval,information systems,,,,,,,,,,,,,,,
semantic web technology,smart technologies,digital right management systems,,,,,,,,,,,,,,,,
learning systems,quality in higher education,,,,,,,,,,,,,,,,,
distributed algorithms,formal methods,model checking,,,,,,,,,,,,,,,,
,,,,,,,,,,,,,,,,,,
software engineering,,,,,,,,,,,,,,,,,,
engineering education,human factors in engineering,big data,cloud.,,,,,,,,,,,,,,,
data integration,image processing,,,,,,,,,,,,,,,,,
cryptography,numerical computing,,,,,,,,,,,,,,,,,
distributed computing,cloud computing,grid computing,database systems.,,,,,,,,,,,,,,,
security in critical infrastructures,privacy,security in smart ecosystems,application security,risk management,adaptive security,internet of things(iot),big data security.,,,,,,,,,,,
,,,,,,,,,,,,,,,,,,
,,,,,,,,,,,,,,,,,,
,,,,,,,,,,,,,,,,,,
speech processing,data mining,,,,,,,,,,,,,,,,,
data mining,,,,,,,,,,,,,,,,,,
statistical quality control,quality management,linear profile methodologies for statistical process control,,,,,,,,,,,,,,,,
,,,,,,,,,,,,,,,,,,
telecommunication,networking,,,,,,,,,,,,,,,,,
software engineering,,,,,,,,,,,,,,,,,,
image analysis,pattern classification,,,,,,,,,,,,,,,,,
,,,,,,,,,,,,,,,,,,
image processing,,,,,,,,,,,,,,,,,,
information security,,,,,,,,,,,,,,,,,,
non-newtonian fluid,analytic solutions homotopy,analysis method,,,,,,,,,,,,,,,,
,,,,,,,,,,,,,,,,,,
text mining,bi-lingual social network analysis,semantic analysis.,,,,,,,,,,,,,,,,
,,,,,,,,,,,,,,,,,,
information systems,,,,,,,,,,,,,,,,,,
online reputation management systems,,,,,,,,,,,,,,,,,,
internet of things,cloud computing,ad hoc networks,wireless sensor networks,optical networks,algorithm design,optimization,,,,,,,,,,,,
educational data mining,,,,,,,,,,,,,,,,,,
,,,,,,,,,,,,,,,,,,
introduction to emc,emi,document writing using latex,,,,,,,,,,,,,,,,
cloud computing,artficial intelligence,,,,,,,,,,,,,,,,,
web ontologies,,,,,,,,,,,,,,,,,,
natural language processing,artificial intelligence,robotics.,,,,,,,,,,,,,,,,
,,,,,,,,,,,,,,,,,,
,,,,,,,,,,,,,,,,,,
,,,,,,,,,,,,,,,,,,
image processing,,,,,,,,,,,,,,,,,,
semantic computing: semantic digital libraries,ontology evaluation,ontology mapping,merging,semantic cache query processing,semantic extraction from multimedia objects,semantic search engines,semantic based learning systems,semantic based query refinement for www,deep web mining distributed computing: networks (ip,transport services),b,width aggregation for heterogeneous networks,fault tolerance cryptography,cryptanalysis,algorithms,bioinformatics,,
multidatabase systems schema translation,schema evolution,schema integration,data integration,data mining,,,,,,,,,,,,,,
digital libraries,web,text mining,semantic web,information visualization,,,,,,,,,,,,,,
wireless ad hoc networks,development,evaluation of network coding aware,network coding based routing protocols suitable to highly dynamic,delay tolerant networks,,,,,,,,,,,,,,
parallel,distributed computing. parallel programming environments for multi-,many-core shared,distributed memory parallel computers. run-time environments,scheduling mechanisms for parallel machines based on multi-cores. performance analysis of parallel applications.,,,,,,,,,,,,,,
routing in mobile ad hoc networks social network analysis application of graph theory,,,,,,,,,,,,,,,,,,
software,system engineering,computational intelligence (soft computing),agents,multi agent systems,autonomous systems,component based development,,,,,,,,,,,,
,,,,,,,,,,,,,,,,,,
semantic computing,digital libraries,ontology engineering,,,,,,,,,,,,,,,,
mobile agents,semantic web,rdf graphs,,,,,,,,,,,,,,,,
requirements engineering,formal methods.,,,,,,,,,,,,,,,,,
parallel programming,big data,games bases learning.,,,,,,,,,,,,,,,,
wireless sensor networks particularly mac layer design.,,,,,,,,,,,,,,,,,,
software testing,software requirements engineering,agile development,global software engineering,formal methods,,,,,,,,,,,,,,
,,,,,,,,,,,,,,,,,,
corpus linguistics,statistics,,the application of corpus methods in the study of speech,writing,learner language,collocations,phraseology,vocabulary. i am also interested in corpus design,corpus tools development,experimental phonetics,phonology,forensic phonetics,psycholinguistics,second language acquisition,implicit,explicit l2 knowledge,prosody,tone.
machine learning,artificial intelligence,data mining,classification,image processing,automata,,,,,,,,,,,,,
machine learning,artificial intelligence,computer vision,data mining,classification,image processing,,,,,,,,,,,,,
digital image processing,pattern recognition,machine learning,,evolutionary algorithms,,,,,,,,,,,,,,
medical image processing,pattern recognition,natural language processing,,,,,,,,,,,,,,,,
design,development of pc controlled educational systems,nuclear electronics,instrumentation,,,,,,,,,,,,,,,
numerical computing,parallel,distributed computing,,,,,,,,,,,,,,,,
artificial intelligence,mobile robots,multi robot systems,,,,,,,,,,,,,,,,
pattern recognition,machine learning,bioinformatics,combining classifiers,applications of artificial neural network,support vector machine in computational materials science,genetic algorithm,genetic programming,,,,,,,,,,,
computer networks,security,parallel,grid computing,computer architecture,,,,,,,,,,,,,,
medical image reconstruction,pattern recognition,evolutionary computation,digital subtraction angiography,embedded systems,computational metallurgy,materials science,,,,,,,,,,,,
modeling,simulation of physical systems,stochastic optimization,evolutionary computing,,,,,,,,,,,,,,,
cloud computing,internet of things,information security,web mining,cognitive computer science,self organizing systems,,,,,,,,,,,,,
ad-hoc networks,wireless pervasive systems,cooperative networking,cooperative sensing,inference,self-organized networked systems,,,,,,,,,,,,,
establishment of software services infrastructure,development of an integrated set of information systems,development of internet,database application software,distant electronic classroom utilizing low b,width internet,data warehousing,information security management,,,,,,,,,,,
pose tracking,image registration,alignment,visual surveillance,navigation,3d reconstruction,virtual,augmented reality,,,,,,,,,,,
automatic lexical acquisition,computational grammar development,theoretical linguistics,parallel corpora development,statistical machine translation,,,,,,,,,,,,,,
high performance computing using gpus,cmps,parallel programming using opencl,cuda,architectures of gpus,cmps,,,,,,,,,,,,,
software design,development,cyber security,database security,,,,,,,,,,,,,,,
computational geometry,in particular,straight skeletons,voronoi diagrams,general-purpose computing on graphics processing units (gpgpu),computer graphics,geometric modeling,algorithms,mathematical proofs,parallel,high-performance computing,,,,,,,,
,,,,,,,,,,,,,,,,,,
machine learning (artificial,computational intelligence),digital signal processing,biomedical signal analysis,biometrics,,,,,,,,,,,,,,
web design,development,ecommerce applications development,wireless,mobile computing,advanced heterogeneous networks,,,,,,,,,,,,,
computer networking,cloud computing,,,,,,,,,,,,,,,,,
,,,,,,,,,,,,,,,,,,
,,,,,,,,,,,,,,,,,,
computational semiotics,sentiment analysis,evolutionary computation,charles s,ers peirce,,,,,,,,,,,,,,
real-time non-intrusive quality estimation of voip,,,,,,,,,,,,,,,,,,
,,,,,,,,,,,,,,,,,,
machine learning approaches for data intensive computing,,,,,,,,,,,,,,,,,,
,,,,,,,,,,,,,,,,,,
,,,,,,,,,,,,,,,,,,
human machine interfaces,,,,,,,,,,,,,,,,,,
human-computer interaction,sonification,ubiquitous computing,accessibility,,location-based services,,,,,,,,,,,,,
big data,iot,,,,,,,,,,,,,,,,,
data mining,big data analytics,,,,,,,,,,,,,,,,,
,,,,,,,,,,,,,,,,,,
,,,,,,,,,,,,,,,,,,
,,,,,,,,,,,,,,,,,,
,,,,,,,,,,,,,,,,,,
,,,,,,,,,,,,,,,,,,
,,,,,,,,,,,,,,,,,,
,,,,,,,,,,,,,,,,,,
,,,,,,,,,,,,,,,,,,
,,,,,,,,,,,,,,,,,,
,,,,,,,,,,,,,,,,,,
,,,,,,,,,,,,,,,,,,
,,,,,,,,,,,,,,,,,,
,,,,,,,,,,,,,,,,,,
,,,,,,,,,,,,,,,,,,
,,,,,,,,,,,,,,,,,,
,,,,,,,,,,,,,,,,,,
,,,,,,,,,,,,,,,,,,
,,,,,,,,,,,,,,,,,,
,,,,,,,,,,,,,,,,,,
,,,,,,,,,,,,,,,,,,
,,,,,,,,,,,,,,,,,,
,,,,,,,,,,,,,,,,,,
,,,,,,,,,,,,,,,,,,
,,,,,,,,,,,,,,,,,,
,,,,,,,,,,,,,,,,,,
,,,,,,,,,,,,,,,,,,
,,,,,,,,,,,,,,,,,,
,,,,,,,,,,,,,,,,,,
,,,,,,,,,,,,,,,,,,
,,,,,,,,,,,,,,,,,,
,,,,,,,,,,,,,,,,,,
,,,,,,,,,,,,,,,,,,
,,,,,,,,,,,,,,,,,,
,,,,,,,,,,,,,,,,,,
,,,,,,,,,,,,,,,,,,
,,,,,,,,,,,,,,,,,,
,,,,,,,,,,,,,,,,,,
,,,,,,,,,,,,,,,,,,
,,,,,,,,,,,,,,,,,,
,,,,,,,,,,,,,,,,,,
,,,,,,,,,,,,,,,,,,
,,,,,,,,,,,,,,,,,,
curriculum development,professional ethics,software design architectures,software process modeling,improvement,,software testing,quality assurance.,,,,,,,,,,,
vision-based 3d motion retrieval,reconstruction,3d pose estimation,action recognition,machine learning,motion synthesis,analysis etc.,,,,,,,,,,,,
design,development of energy efficient routing protocols,cross layer architectures,caching,forwarding schemes for cognitive radio ad hoc networks,named data networking based wireless networks,,,,,,,,,,,,,
security issues in agile methodologies,,,,,,,,,,,,,,,,,,
,,,,,,,,,,,,,,,,,,
,,,,,,,,,,,,,,,,,,
recommender systems intelligent information systems geographical information systems,remote sensing data warehousing,data mining,,,,,,,,,,,,,,,,
network security,monitoring,digital forensics,real time visualization,complex event processing.,,,,,,,,,,,,,,
machine learning prediction,recommendation,data mining,mobile application development,,,,,,,,,,,,,,,
,,,,,,,,,,,,,,,,,,
game intelligence,adaptive price formulation,data mining,machine learning,,,,,,,,,,,,,,,
machine learning,data mining,applications of computational intelligence in games,effective computing,,,,,,,,,,,,,,,
,,,,,,,,,,,,,,,,,,
data mining,,,,,,,,,,,,,,,,,,
,,,,,,,,,,,,,,,,,,
graph theory,evolutionary computing,data mining,machine learning,,,,,,,,,,,,,,,
bigdata,,,,,,,,,,,,,,,,,,
artificial intelligence,computational intelligence,machine learning,swarm intelligence,evolutionary algorithms,,expert systems.,,,,,,,,,,,,
data analytics,,,,,,,,,,,,,,,,,,
,,,,,,,,,,,,,,,,,,
signal processing,machine learning.,,,,,,,,,,,,,,,,,
,,,,,,,,,,,,,,,,,,
,,,,,,,,,,,,,,,,,,
,,,,,,,,,,,,,,,,,,
,,,,,,,,,,,,,,,,,,
neural networks,,,,,,,,,,,,,,,,,,
,,,,,,,,,,,,,,,,,,
natural language processing (morphological analysis,annotated corpus building,lexical resources),secure communication on internet (ipsec) esp. key management issues for single source multicast groups,routing in mobile ad-hoc networks (unicast,multicast),lock-free data structures,urdu fonts,,,,,,,,,,,
nature inspired computing,i developed a novel artificial immune system (ais) security framework for the mobile adhoc network (manet) routing protocol beeadhoc,based on the foraging principles of honey bees.,,,,,,,,,,,,,,,,
physics,,,,,,,,,,,,,,,,,,
,,,,,,,,,,,,,,,,,,
computational intelligence,multimodal function optimization,data clustering,image segmentation,,,,,,,,,,,,,,,
,,,,,,,,,,,,,,,,,,
nlp,,,,,,,,,,,,,,,,,,
combinatorics,information theory,signal processing. specific areas are problem in extremal,probabilistic methods in combinatorics,spectral graph theory,coding for distributed storage,interference channels.,,,,,,,,,,,,
,,,,,,,,,,,,,,,,,,
machine learning (text,images) and computer vision,cloud computing,big data,,,,,,,,,,,,,,,
,,,,,,,,,,,,,,,,,,
epistemological access to higher education,role of ict in motivating english language learners in esl classroom at university level,,role of non-verbal communication in teaching-learning process of english.,,,,,,,,,,,,,,,
graph theory,combinatory.,,,,,,,,,,,,,,,,,
,,,,,,,,,,,,,,,,,,
reconfigurable asynchronous adaptive processing,hardware realization of complex image processing,communication algorithms.,,,,,,,,,,,,,,,,
statistics,,,,,,,,,,,,,,,,,,
mathematics,,,,,,,,,,,,,,,,,,
telecom,,,,,,,,,,,,,,,,,,
design science,human-computer interaction,participatory design,interaction design,computer science education,novel pedagogies,learning theories.,,,,,,,,,,,,
computer basics,electronics,logic,design,low level programming,computer architecture,database design,administration,networking.,,,,,,,,,,
telecom,networking,,,,,,,,,,,,,,,,,
,,,,,,,,,,,,,,,,,,
distributed,parallel computation,security aspects,cloud computing,big data analysis,formal specification,analysis,business,software process mining.,,,,,,,,,,
,,,,,,,,,,,,,,,,,,
,,,,,,,,,,,,,,,,,,
,,,,,,,,,,,,,,,,,,
system designing,development,project management,consultation,,,,,,,,,,,,,,,
,,,,,,,,,,,,,,,,,,
,,,,,,,,,,,,,,,,,,
,,,,,,,,,,,,,,,,,,
,,,,,,,,,,,,,,,,,,
,,,,,,,,,,,,,,,,,,
,,,,,,,,,,,,,,,,,,
,,,,,,,,,,,,,,,,,,
,,,,,,,,,,,,,,,,,,
,,,,,,,,,,,,,,,,,,
,,,,,,,,,,,,,,,,,,
,,,,,,,,,,,,,,,,,,
,,,,,,,,,,,,,,,,,,
,,,,,,,,,,,,,,,,,,
,,,,,,,,,,,,,,,,,,
,,,,,,,,,,,,,,,,,,
,,,,,,,,,,,,,,,,,,
,,,,,,,,,,,,,,,,,,
,,,,,,,,,,,,,,,,,,
,,,,,,,,,,,,,,,,,,
big data | recommender system in cloud computing,,,,,,,,,,,,,,,,,,
,,,,,,,,,,,,,,,,,,
,,,,,,,,,,,,,,,,,,
,,,,,,,,,,,,,,,,,,
wireless sensor networks,wireless adhoc networks,,,,,,,,,,,,,,,,,
,,,,,,,,,,,,,,,,,,
,,,,,,,,,,,,,,,,,,
,,,,,,,,,,,,,,,,,,
,,,,,,,,,,,,,,,,,,
iot (internet of things),rfid systems for iot,rf mems,antenna design,umts,lte,lte advanced,umts,lte,lte advanced,,,,,,,,,
,,,,,,,,,,,,,,,,,,
,,,,,,,,,,,,,,,,,,
mobile development,,,,,,,,,,,,,,,,,,
operating systems,data structures,programming languages,,,,,,,,,,,,,,,,
structures,automata theory,,,,,,,,,,,,,,,,,
computer networks,topics in internet research,optical communications,performance modeling,,,,,,,,,,,,,,,
computational modelling,artificial intelligence,data mining,machine learning,multi-agent systems,,,,,,,,,,,,,,
graph theory (especially topological graph theory),,,,,,,,,,,,,,,,,,
topological graph theory,,,,,,,,,,,,,,,,,,
programming languages,compilers,protocols,algorithms for wireless,wired networks,,,,,,,,,,,,,,
analysis of algorithms,advanced algorithms,high performance computing,,,,,,,,,,,,,,,,
computer networks,broadb,wireless networking,wireless multimedia communication,network deployment,monitoring.,,,,,,,,,,,,,
computer vision,image processing,machine learning,,statistics,,,,,,,,,,,,,,
data warehousing,business process management,academic social network,,,,,,,,,,,,,,,,
image processing,computer vision,analysis of algorithms,,,,,,,,,,,,,,,,
computer vision,image analysis,machine learning,,,,,,,,,,,,,,,,
cloud computing,distributed systems,machine learning,data mining,mobile,web computing,scalable applications,architectures,algorithms analysis,data structures,operating systems,,,,,,,,
computational mathematics,linear algebra,calculus,probability,statistics,,,,,,,,,,,,,,
natural language processing,computational linguistics,machine learning,linguistics,,,,,,,,,,,,,,,
operating systems,systems programming,embedded,real time operating systems,,,,,,,,,,,,,,,
digital logic,design,computer,operating system,architecture,computer networks,,,,,,,,,,,,,
databases,data structures,digital logic,design,,,,,,,,,,,,,,,
databases,information systems,,,,,,,,,,,,,,,,,
software engineering,software quality assurance,software project management,,,,,,,,,,,,,,,,
object oriented design,programming,data structures,analysis,design of algorithms,,,,,,,,,,,,,,
databases,,,,,,,,,,,,,,,,,,
theory of formal languages,automata,design,implementation of compilers,programming languages,,,,,,,,,,,,,,
online algorithms,robotics,probabilistic graphical models,enterprise software development,software engineering,,,,,,,,,,,,,,
programming (c++,java,.net),database design,administration,data structures,design,analysis of algorithms,theory of automata.,,,,,,,,,,
operating systems,computer architecture,system programming,,,,,,,,,,,,,,,,
programming fundamentals,object-oriented programming,data structures,algorithms,theory of automata,discrete mathematics,,,,,,,,,,,,,
,,,,,,,,,,,,,,,,,,
graph theory,combinatorics,image,video processing,discrete mathematics,theory of automata,formal languages,multimedia system design,,,,,,,,,,,
machine learning,image processing,computer vision,,,,,,,,,,,,,,,,
computer programming,software engineering,software quality assurance,,,,,,,,,,,,,,,,
programming,data structures,,,,,,,,,,,,,,,,,
software engineering,enterprise modeling,object oriented analysis,design,,,,,,,,,,,,,,,
agent modeling,intelligent systems,ai,oop,ooad,software engineering,sw architecture pattern,fundamentals of programming languages,,,,,,,,,,,
theoretical physics,mathematical physics,particle physics,astronomy,electronics,electrodynamics,magnetism,,,,,,,,,,,,
data structures,algorithms,discrete mathematics,object-oriented programming,,,,,,,,,,,,,,,
programming in c,c++,vc++,computer organization,,,,,,,,,,,,,,,
parallel,distributed computing,computer vision,database systems,computer organization,assembly language,business process management,academic social networks,programming (oop,dsa),,,,,,,,,
network programming,,,,,,,,,,,,,,,,,,
ambient intelligence,computational modeling,data,text mining,information retrieval,social simulation,enterprise application development,mobile computing,computational modeling,artificial intelligence,,,,,,,,,
human computer interaction,software engineering,,,,,,,,,,,,,,,,,
software engineering,object oriented analysis,design,software design,architecture.,,,,,,,,,,,,,,
database systems,project management,computer networks,software quality assurance,total quality management,,,,,,,,,,,,,,
,,,,,,,,,,,,,,,,,,
computer networks,wireless sensor networks,opportunistic networks,internet architecture,protocols,,,,,,,,,,,,,,
big data analytics,distributed computing,data mining,web engineering,object oriented programming,software engineering,database management systems,,,,,,,,,,,,
computer vision,pattern recognition,machine learning,multiple view geometry,convex optimization,,,,,,,,,,,,,,
data structures,algorithms,computer vision,high performance computing,,,,,,,,,,,,,,,
management information systems,human resource management,total quality management,organizational behavior,software project management,,,,,,,,,,,,,,
object oriented system design,implementation,data structures,algorithms,theory of automata,,,,,,,,,,,,,,
artificial intelligence,,,,,,,,,,,,,,,,,,
imaging especially in the data security issues,,,,,,,,,,,,,,,,,,
,,,,,,,,,,,,,,,,,,
ai,computer vision,machine learning.,,,,,,,,,,,,,,,,
empirical software engineering,software cost estimation.,,,,,,,,,,,,,,,,,
embedded system design with particular emphasis on the design,modeling of reliable,power-efficient solutions.,,,,,,,,,,,,,,,,
evolutionary algorithms,bioinformatics,combinatorial optimization,search heuristics,multi-objective optimization,many-objective algorithms,,machine learning.,,,,,,,,,,,
information retrieval,machine leaning,bioinformatics,data sciences.,,,,,,,,,,,,,,,
ensemble learning (adaboost),its applications.,,,,,,,,,,,,,,,,,
computer networks,"distributed systems
 cloud computing",,,,,,,,,,,,,,,,,
iterative methods to solve inverse problems,neuroimaging techniques including mri,fmri,,brain morphometry,topology.,,,,,,,,,,,,,
,,,,,,,,,,,,,,,,,,
software defined networking,network measurements,internet traffic classification,,systems security.,,,,,,,,,,,,,,
computer vision,parallel,distributed algorithms,internet of things,information retrieval.,,,,,,,,,,,,,,
big data,recommendation systems,data mining,distributed computing,combinatorial algorithms.,,,,,,,,,,,,,,
"software engineering
 software quality
 software defects
 software predictions
 autonomic computing",,,,,,,,,,,,,,,,,,
,,,,,,,,,,,,,,,,,,
,,,,,,,,,,,,,,,,,,
web,cloud,iot technology,,,,,,,,,,,,,,,,
application of information,communication technologies for development (ict4d) purposes.,,,,,,,,,,,,,,,,,
computer networking,network security.,,,,,,,,,,,,,,,,,
,,,,,,,,,,,,,,,,,,
software testing,interaction design.,,,,,,,,,,,,,,,,,
data modeling,database design,distributed systems,data warehouse construction,data mining.,,,,,,,,,,,,,,
,,,,,,,,,,,,,,,,,,
,,,,,,,,,,,,,,,,,,
computer vision,image processing,script processing,machine learning.,,,,,,,,,,,,,,,
software engineering in general,it project management,agile methods (tdd,xp),,software verification,validation in particular.,,,,,,,,,,,,
,,,,,,,,,,,,,,,,,,
,,,,,,,,,,,,,,,,,,
,,,,,,,,,,,,,,,,,,
,,,,,,,,,,,,,,,,,,
,,,,,,,,,,,,,,,,,,
computer vision,graphics,augmented reality,3d modeling,robotics.,,,,,,,,,,,,,,
data mining,machine learning,text analytics,big data analytics,,,,,,,,,,,,,,,
data mining,,big data analytics.,,,,,,,,,,,,,,,,
computer programming,applied programming,,digital logic design,,,,,,,,,,,,,,,
ubiquitous computing,operating systems,distributed systems,mobile systems,highspeed routing architectures,the impact of it in developing world countries,,,,,,,,,,,,,
internet of things (iot),wireless sensor,ad hoc networks,opportunistic networks,mobile,distributed systems,network virtualization,cloud computing,distributed algorithms,ai techniques applied to networks,exploiting on board diagnostics (obd-ii) in electronic fuel injection (efi) vehicles,,,,,,,,
data science,machine learning,data mining,text mining,descriptive,predictive analytics,social media analytics,sentiment analysis,recommender systems,constrain based learning,big data,,,,,,,,
data science,scientific research informatics,scientometrics,alt-metrics,information retrieval,data mining,social media analytics,information visualisation,educational data mining.,,,,,,,,,,
embedded systems,real-time,mixed criticality systems,parallel computing systems,runtime resource management,context-aware computing,,multicore,manycore scheduling.,,,,,,,,,,
artificial intelligence,machine learning,experimental,computational neuroscience,signal,image processing (audio,video processing,sonar,bio-acoustics),wireless sensor networks (environmental,oceanographic applications),,,,,,,,
analysis of reactive,stochastic,real-time,,hybrid systems. reduction techniques for probabilistic systems using game theory. formal software verification,in particular model checking. formal modeling,analysis of distributed computing. game theory,petrinets,process algebra,concurrency theory,mathematical logic,automata theory.,,,,,,,
educational technology integration at different levels,use of different technologies to improve student learning,,,,,,,,,,,,,,,,,
natural language processing,probabilistic graphical models,linguistics,,,,,,,,,,,,,,,,
algorithmic,discrete geometry,combinatorics,extremal graph theory,,,,,,,,,,,,,,,
solving theoretical,practical problems entailing computer vision,machine learning,specifically on the problems related to image co-segmentation,remote sensing,medical imaging,affective computing. our group works extensively in deep learning,not only exploring innovative application of deep learning on existing problems but specially extending its theoretical underst,ing.,,,,,,,,,,
investigating multidisciplinary approaches to hci,computer graphics issues particularly the perception of highly realistic cg humans,,,,,,,,,,,,,,,,,
speech,language technologies,designing interfaces for the low-literate,telephone-based speech interfaces for access to information by non-literate users,speech recognition.,,,,,,,,,,,,,,
data mining,machine learning,,applied artificial intelligence,,,,,,,,,,,,,,,
information systems security,secure distributed,networking systems,databases,multimedia information systems,semantic web,web services,ontology,,software testing.,,,,,,,,,
analysis,semi-automated detection of similarity patterns in software,,,,,,,,,,,,,,,,,
developing systems,techniques that improve the performance,scalability,programmability of parallel computing systems,,,,,,,,,,,,,,,
computer networks,distributed systems,span cloud computing,datacenters,wireless networks,internet censorship,,ict for developing regions (including smart grids).,,,,,,,,,,,
,,,,,,,,,,,,,,,,,,
program analysis using static,dynamic techniques in automatic software test generation,parallel,incremental techniques in scaling algorithms for multicore processors,the intersection of these domains,,,,,,,,,,,,,,
development of on-line models for parametric estimation of solid fuel-fired industrial boilers,,,,,,,,,,,,,,,,,,
object detection,tracking using multimodal sensors,,,,,,,,,,,,,,,,,
short,medium,long term forecasting of energy dem,,renewable energy generation forecasting for wind,solar resources,dem,side management in agricultural,residential,industrial sectors,energy efficiency,,renewable energy integration in existing building stock,,,,,,
,,,,,,,,,,,,,,,,,,
assistive technologies (mobile apps,vr,ar systems) to enhance the quality of life of persons with disabilities (e.g. autism,dyslexia,visual impairment),older adults,educational technologies for children (child-computer interaction),,affective computing,,,,,,,,,,
social network analysis,mining social influence,machine learning,,,,,,,,,,,,,,,,
software engineering,,,,,,,,,,,,,,,,,,
software engineering,,,,,,,,,,,,,,,,,,
ai based encryption techniques,quantum computing,,,,,,,,,,,,,,,,,
computer networks,,,,,,,,,,,,,,,,,,
software engineering,,,,,,,,,,,,,,,,,,
,,,,,,,,,,,,,,,,,,
wireless computer networks,,,,,,,,,,,,,,,,,,
wireless sensor networks,web programming,,,,,,,,,,,,,,,,,
computer networks,,,,,,,,,,,,,,,,,,
artificial intelligence,,,,,,,,,,,,,,,,,,
databases,,,,,,,,,,,,,,,,,,
machine learning,data sciences,computer vision,graphics,,,,,,,,,,,,,,,
web engineering,,,,,,,,,,,,,,,,,,
software engineering,,,,,,,,,,,,,,,,,,
software process improvement,databases,data warehousing,,,,,,,,,,,,,,,,
databases,,,,,,,,,,,,,,,,,,
embedded system,computer architecture,logic designing,robotics.,,,,,,,,,,,,,,,
data mining,schema extraction,data integration,,,,,,,,,,,,,,,,
computer science,,,,,,,,,,,,,,,,,,
software engineering,,,,,,,,,,,,,,,,,,
software engineering,web development,,,,,,,,,,,,,,,,,
software engineering,,,,,,,,,,,,,,,,,,
computer science,,,,,,,,,,,,,,,,,,
software engineering,,,,,,,,,,,,,,,,,,
computer networks,,,,,,,,,,,,,,,,,,
databases,,,,,,,,,,,,,,,,,,
cognitive protocol networks,,,,,,,,,,,,,,,,,,
computer networks,web development methodologies.,,,,,,,,,,,,,,,,,
software engineering,,,,,,,,,,,,,,,,,,
computer science,,,,,,,,,,,,,,,,,,
software engineering,,,,,,,,,,,,,,,,,,
,,,,,,,,,,,,,,,,,,
computer networks,,,,,,,,,,,,,,,,,,
computer networks,,,,,,,,,,,,,,,,,,
,,,,,,,,,,,,,,,,,,
computer networks,,,,,,,,,,,,,,,,,,
computer networks,vehicular ad-hoc networks,,,,,,,,,,,,,,,,,
artificial intelligence,software engineering,,,,,,,,,,,,,,,,,
computer networks,,,,,,,,,,,,,,,,,,
,,,,,,,,,,,,,,,,,,
,,,,,,,,,,,,,,,,,,
,,,,,,,,,,,,,,,,,,
,,,,,,,,,,,,,,,,,,
computer networks,,,,,,,,,,,,,,,,,,
software engineering,,,,,,,,,,,,,,,,,,
software engineering,,,,,,,,,,,,,,,,,,
web development,,,,,,,,,,,,,,,,,,
,,,,,,,,,,,,,,,,,,
,,,,,,,,,,,,,,,,,,
,,,,,,,,,,,,,,,,,,
,,,,,,,,,,,,,,,,,,
,,,,,,,,,,,,,,,,,,
,,,,,,,,,,,,,,,,,,
,,,,,,,,,,,,,,,,,,
,,,,,,,,,,,,,,,,,,
,,,,,,,,,,,,,,,,,,
,,,,,,,,,,,,,,,,,,
,,,,,,,,,,,,,,,,,,
,,,,,,,,,,,,,,,,,,
,,,,,,,,,,,,,,,,,,
,,,,,,,,,,,,,,,,,,
,,,,,,,,,,,,,,,,,,
,,,,,,,,,,,,,,,,,,
,,,,,,,,,,,,,,,,,,
,,,,,,,,,,,,,,,,,,
,,,,,,,,,,,,,,,,,,
,,,,,,,,,,,,,,,,,,
,,,,,,,,,,,,,,,,,,
,,,,,,,,,,,,,,,,,,
,,,,,,,,,,,,,,,,,,
,,,,,,,,,,,,,,,,,,
,,,,,,,,,,,,,,,,,,
,,,,,,,,,,,,,,,,,,
,,,,,,,,,,,,,,,,,,
,,,,,,,,,,,,,,,,,,
,,,,,,,,,,,,,,,,,,
,,,,,,,,,,,,,,,,,,
,,,,,,,,,,,,,,,,,,
,,,,,,,,,,,,,,,,,,
,,,,,,,,,,,,,,,,,,
,,,,,,,,,,,,,,,,,,
computer control,,,,,,,,,,,,,,,,,,
educational quality management,databases design,,,,,,,,,,,,,,,,,
software design,architecture,algorithms refinement,design patterns,frameworks,enterprise systems,information systems development,management,knowledge management systems,technology management,consulting,technopreneurship,systems thinking.,,,,,,
software engineering,requirement engineering,database modeling,software quality assurance,reverse engineering,formal methods,self adaptive systems,cloud computing,fault tolerant systems,,,,,,,,,,
,,,,,,,,,,,,,,,,,,
business processes,strategic management,operations research,management consultant in strategy planning,operations management,program management,,,,,,,,,,,,,
,,,,,,,,,,,,,,,,,,
,,,,,,,,,,,,,,,,,,
finance,business management,accounting,,,,,,,,,,,,,,,,
research based teaching,,,,,,,,,,,,,,,,,,
,,,,,,,,,,,,,,,,,,
,,,,,,,,,,,,,,,,,,
embedded systems,artificial intelligence,image processing,,,,,,,,,,,,,,,,
computing sciences,,,,,,,,,,,,,,,,,,
networking,,,,,,,,,,,,,,,,,,
computing sciences,,,,,,,,,,,,,,,,,,
project management,,,,,,,,,,,,,,,,,,
mathematics,,,,,,,,,,,,,,,,,,
telecommunication,,,,,,,,,,,,,,,,,,
software engineering,programming,,,,,,,,,,,,,,,,,
mobile computing,,,,,,,,,,,,,,,,,,
,,,,,,,,,,,,,,,,,,
,,,,,,,,,,,,,,,,,,
,,,,,,,,,,,,,,,,,,
machine learning,tsp optimization,,,,,,,,,,,,,,,,,
distributed system,networks,,,,,,,,,,,,,,,,,
,,,,,,,,,,,,,,,,,,
software testing,quality assurance,,,,,,,,,,,,,,,,,
,,,,,,,,,,,,,,,,,,
computer vision,pattern recognition,,,,,,,,,,,,,,,,,
,,,,,,,,,,,,,,,,,,
,,,,,,,,,,,,,,,,,,
,,,,,,,,,,,,,,,,,,
,,,,,,,,,,,,,,,,,,
,,,,,,,,,,,,,,,,,,
,,,,,,,,,,,,,,,,,,
,,,,,,,,,,,,,,,,,,
,,,,,,,,,,,,,,,,,,
,,,,,,,,,,,,,,,,,,
,,,,,,,,,,,,,,,,,,
,,,,,,,,,,,,,,,,,,
,,,,,,,,,,,,,,,,,,
,,,,,,,,,,,,,,,,,,
,,,,,,,,,,,,,,,,,,
,,,,,,,,,,,,,,,,,,
,,,,,,,,,,,,,,,,,,
,,,,,,,,,,,,,,,,,,
mathematics,,,,,,,,,,,,,,,,,,
,,,,,,,,,,,,,,,,,,
digital signal processing,speech recognition,synthesis systems,computer networks.,,,,,,,,,,,,,,,
,,,,,,,,,,,,,,,,,,
,,,,,,,,,,,,,,,,,,
,,,,,,,,,,,,,,,,,,
,,,,,,,,,,,,,,,,,,
bioinformatics,structural biology,graph theory,operations research,,,,,,,,,,,,,,,
,,,,,,,,,,,,,,,,,,
,,,,,,,,,,,,,,,,,,
,,,,,,,,,,,,,,,,,,
,,,,,,,,,,,,,,,,,,
,,,,,,,,,,,,,,,,,,
,,,,,,,,,,,,,,,,,,
pervasive computing,secure device,service discovery,activity recognition,access control mechanisms using proximity,sensors' data,policy-based systems,context-awareness,adaptation mechanisms,sensor networks,wireless networks (including wifi,bluetooth,wimax,etc),,solutions to various issues in distributed,pervasive computing systems through the integration of tools,techniques from distinct disciplines,areas.
resource management,job scheduling strategies,energy efficiency,,workload characterization for performance optimization of parallel,distributed systems such as cloud computing,,location-based services i.e.,map-matching strategy for gps trajectories,,,,,,,,,,
computing,information systems domain.,,,,,,,,,,,,,,,,,
,,,,,,,,,,,,,,,,,,
,,,,,,,,,,,,,,,,,,
,,,,,,,,,,,,,,,,,,
,,,,,,,,,,,,,,,,,,
,,,,,,,,,,,,,,,,,,
numerical linear algebra,matrix computation,numerical analysis,,,,,,,,,,,,,,,,
,,,,,,,,,,,,,,,,,,
high performance computing with special emphasis on new,emerging architectures including multicore processors,,,,,,,,,,,,,,,,,
,,,,,,,,,,,,,,,,,,
machine learning,combinatorial optimization techniques with applications in image,video retrieval,cancer classification,surface inspection,bioinformatics,multi-label classification,,face recognition,,,,,,,,,,
,,,,,,,,,,,,,,,,,,
,,,,,,,,,,,,,,,,,,
network security,data security,name data network or content centric network,security,privacy isssues in manet or ad hoc computing,internet of things,machine-to-machine,device-to-device communications,wireless communications (4g,5g,etc. ),optimization,,,,,,,
error correction coding,optimization wireless routing,mathematical analysis of transmission networks,evolutionary computation,applied machine learning,,,,,,,,,,,,,,
,,,,,,,,,,,,,,,,,,
,,,,,,,,,,,,,,,,,,
,,,,,,,,,,,,,,,,,,
disaster management,information systems,geo informatics,social informatics,urban planning,image processing,,,,,,,,,,,,,
elliptic curve cryptography,embedded os,quality assurance,software engineering,open source technology,databases,vocational trainings for intellectually challenged,,,,,,,,,,,,
,,,,,,,,,,,,,,,,,,
,,,,,,,,,,,,,,,,,,
,,,,,,,,,,,,,,,,,,
computer hardware,computer architecture,mass-storage devices (winchester,flash,solid-state drives.),,,,,,,,,,,,,,
data communication,computer network,algorithms development,programming languages,machine learning.,,,,,,,,,,,,,,
,,,,,,,,,,,,,,,,,,
,,,,,,,,,,,,,,,,,,
,,,,,,,,,,,,,,,,,,
,,,,,,,,,,,,,,,,,,
,,,,,,,,,,,,,,,,,,
data mining,machine learning,brain computer interface (bci),intelligent transportation systems,,,,,,,,,,,,,,,
,,,,,,,,,,,,,,,,,,
big data security,deep learning,algorithms,,,,,,,,,,,,,,,,
,,,,,,,,,,,,,,,,,,
software engineering,data mining,image processing,,,,,,,,,,,,,,,,
,,,,,,,,,,,,,,,,,,
,,,,,,,,,,,,,,,,,,
vanets,databases,data mining,iot,natural language processing,,,,,,,,,,,,,,
,,,,,,,,,,,,,,,,,,
,,,,,,,,,,,,,,,,,,
,,,,,,,,,,,,,,,,,,
,,,,,,,,,,,,,,,,,,
,,,,,,,,,,,,,,,,,,
,,,,,,,,,,,,,,,,,,
,,,,,,,,,,,,,,,,,,
software engineering,database systems,algorithms,,,,,,,,,,,,,,,,
,,,,,,,,,,,,,,,,,,
,,,,,,,,,,,,,,,,,,
temporal,spatial database systems,artificial intelligence,health information systems,software engineering,,,,,,,,,,,,,,
languages,software development,information mgmt,operating systems,,,,,,,,,,,,,,,
languages,data mining,data modeling,,,,,,,,,,,,,,,,
soft computing,data mining,fuzzy set theory,,,,,,,,,,,,,,,,
operating systems,networking,parallel computing,,,,,,,,,,,,,,,,
software project management,software configuration management,,,,,,,,,,,,,,,,,
,,,,,,,,,,,,,,,,,,
computer graphics,image processing,discrete mathematics,,,,,,,,,,,,,,,,
,,,,,,,,,,,,,,,,,,
,,,,,,,,,,,,,,,,,,
,,,,,,,,,,,,,,,,,,
machine learning,robust speech recognition,image processing.,,,,,,,,,,,,,,,,
computer vision,image processing,computational linguistics.,,,,,,,,,,,,,,,,
software development methodologies.,,,,,,,,,,,,,,,,,,
computer vision.,,,,,,,,,,,,,,,,,,
information security.,,,,,,,,,,,,,,,,,,
data mining .,,,,,,,,,,,,,,,,,,
semantics.,,,,,,,,,,,,,,,,,,
wireless ad-hoc routing protocols,information security.,,,,,,,,,,,,,,,,,
cloud adoption: a goal-oriented requirements engineering approach research interests: requirements engineering,risk management,cloud architecture,software engineering,,,,,,,,,,,,,,,
educational data mining,,,,,,,,,,,,,,,,,,
databases,software engineering.,,,,,,,,,,,,,,,,,
computer vision,,,,,,,,,,,,,,,,,,
online information security in financial transactions,,,,,,,,,,,,,,,,,,
artificial intelligance,software engineering,web development .,,,,,,,,,,,,,,,,
image processing,software engineering.,,,,,,,,,,,,,,,,,
machine learning.,,,,,,,,,,,,,,,,,,
,,,,,,,,,,,,,,,,,,
,,,,,,,,,,,,,,,,,,
,,,,,,,,,,,,,,,,,,
,,,,,,,,,,,,,,,,,,
,,,,,,,,,,,,,,,,,,
,,,,,,,,,,,,,,,,,,
,,,,,,,,,,,,,,,,,,
,,,,,,,,,,,,,,,,,,
,,,,,,,,,,,,,,,,,,
,,,,,,,,,,,,,,,,,,
,,,,,,,,,,,,,,,,,,
,,,,,,,,,,,,,,,,,,
,,,,,,,,,,,,,,,,,,
scientific workflows,scientific (machine generated) data management,ontology based data integration,,data transformation as well as transportation in scientific applications. moreover,his interests also include the dataflow,data transformation languages.,,,,,,,,,,,,
embedded control systems,sketch-based interfaces,modeling,soft computing,computer graphics,,renewable energy based irrigation systems.,,,,,,,,,,,,
multimedia data mining,,,,,,,,,,,,,,,,,,
semantic web technologies,online social networks,privacy,data protection,social application development,multi agent systems,,,,,,,,,,,,,
distributed systems,cloud computing,network design,security,management,algorithms,data structures,theoretical computer science.,,,,,,,,,,,
security,resource management in wireless medical sensor networks,wireless body area networks,wireless sensor networks,virtual sensor networks,mobile crowd sensing,participatory sensing,quality of monitoring for medical,health applications,quality of service optimization for audiovisual communications.,,,,,,,,,
theoretical computer science,computer networks,computational intelligence,network coding,,,,,,,,,,,,,,,
human computer interaction,usability engineering,mobile interaction,,,,,,,,,,,,,,,,
data mining,business intelligence,big data analytics,digital image processing,digital watermarking security,error correcting codes,spread spectrum,,,,,,,,,,,,
collaborative software process (csp) measurements,mapping data from object oriented databases to rdf based ontology interests: object oriented programming object oriented analysis,design data structures,algorithms,,,,,,,,,,,,,,,
software engineering,project management,quality assurance,requirement engineering,information systems,electronic commerce,security issues.,,,,,,,,,,,,
,,,,,,,,,,,,,,,,,,
object oriented programming,web engineering,database concepts,operating systems. cloud computing,semantic web.,,,,,,,,,,,,,,
object oriented programing,data structures,algorithms,introduction to programming,web development,mobile applications development,operating systems.,,,,,,,,,,,,
reservoir engineering,multiphase flow,artificial intelligence.,,,,,,,,,,,,,,,,
,,,,,,,,,,,,,,,,,,
,,,,,,,,,,,,,,,,,,
,,,,,,,,,,,,,,,,,,
,,,,,,,,,,,,,,,,,,
,,,,,,,,,,,,,,,,,,
,,,,,,,,,,,,,,,,,,
,,,,,,,,,,,,,,,,,,
,,,,,,,,,,,,,,,,,,
,,,,,,,,,,,,,,,,,,
,,,,,,,,,,,,,,,,,,
,,,,,,,,,,,,,,,,,,
,,,,,,,,,,,,,,,,,,
,,,,,,,,,,,,,,,,,,
,,,,,,,,,,,,,,,,,,
,,,,,,,,,,,,,,,,,,
,,,,,,,,,,,,,,,,,,
,,,,,,,,,,,,,,,,,,
,,,,,,,,,,,,,,,,,,
,,,,,,,,,,,,,,,,,,
,,,,,,,,,,,,,,,,,,
,,,,,,,,,,,,,,,,,,
,,,,,,,,,,,,,,,,,,
,,,,,,,,,,,,,,,,,,
,,,,,,,,,,,,,,,,,,
,,,,,,,,,,,,,,,,,,
,,,,,,,,,,,,,,,,,,
,,,,,,,,,,,,,,,,,,
,,,,,,,,,,,,,,,,,,
,,,,,,,,,,,,,,,,,,
,,,,,,,,,,,,,,,,,,
,,,,,,,,,,,,,,,,,,
,,,,,,,,,,,,,,,,,,
,,,,,,,,,,,,,,,,,,
,,,,,,,,,,,,,,,,,,
,,,,,,,,,,,,,,,,,,
,,,,,,,,,,,,,,,,,,
,,,,,,,,,,,,,,,,,,
,,,,,,,,,,,,,,,,,,
,,,,,,,,,,,,,,,,,,
,,,,,,,,,,,,,,,,,,
,,,,,,,,,,,,,,,,,,
,,,,,,,,,,,,,,,,,,
,,,,,,,,,,,,,,,,,,
,,,,,,,,,,,,,,,,,,
,,,,,,,,,,,,,,,,,,
,,,,,,,,,,,,,,,,,,
,,,,,,,,,,,,,,,,,,
,,,,,,,,,,,,,,,,,,
,,,,,,,,,,,,,,,,,,
,,,,,,,,,,,,,,,,,,
,,,,,,,,,,,,,,,,,,
,,,,,,,,,,,,,,,,,,
,,,,,,,,,,,,,,,,,,
,,,,,,,,,,,,,,,,,,
,,,,,,,,,,,,,,,,,,
,,,,,,,,,,,,,,,,,,
,,,,,,,,,,,,,,,,,,
,,,,,,,,,,,,,,,,,,
,,,,,,,,,,,,,,,,,,
,,,,,,,,,,,,,,,,,,
,,,,,,,,,,,,,,,,,,
,,,,,,,,,,,,,,,,,,
,,,,,,,,,,,,,,,,,,
,,,,,,,,,,,,,,,,,,
,,,,,,,,,,,,,,,,,,
,,,,,,,,,,,,,,,,,,
,,,,,,,,,,,,,,,,,,
,,,,,,,,,,,,,,,,,,
,,,,,,,,,,,,,,,,,,
,,,,,,,,,,,,,,,,,,
,,,,,,,,,,,,,,,,,,
,,,,,,,,,,,,,,,,,,
,,,,,,,,,,,,,,,,,,
,,,,,,,,,,,,,,,,,,
,,,,,,,,,,,,,,,,,,
,,,,,,,,,,,,,,,,,,
,,,,,,,,,,,,,,,,,,
,,,,,,,,,,,,,,,,,,
,,,,,,,,,,,,,,,,,,
,,,,,,,,,,,,,,,,,,
,,,,,,,,,,,,,,,,,,
,,,,,,,,,,,,,,,,,,
,,,,,,,,,,,,,,,,,,
,,,,,,,,,,,,,,,,,,
,,,,,,,,,,,,,,,,,,
,,,,,,,,,,,,,,,,,,
,,,,,,,,,,,,,,,,,,
,,,,,,,,,,,,,,,,,,
,,,,,,,,,,,,,,,,,,
,,,,,,,,,,,,,,,,,,
,,,,,,,,,,,,,,,,,,
,,,,,,,,,,,,,,,,,,
,,,,,,,,,,,,,,,,,,
,,,,,,,,,,,,,,,,,,
,,,,,,,,,,,,,,,,,,
,,,,,,,,,,,,,,,,,,
,,,,,,,,,,,,,,,,,,
,,,,,,,,,,,,,,,,,,
,,,,,,,,,,,,,,,,,,
,,,,,,,,,,,,,,,,,,
,,,,,,,,,,,,,,,,,,
,,,,,,,,,,,,,,,,,,
,,,,,,,,,,,,,,,,,,
,,,,,,,,,,,,,,,,,,
,,,,,,,,,,,,,,,,,,
,,,,,,,,,,,,,,,,,,
,,,,,,,,,,,,,,,,,,
,,,,,,,,,,,,,,,,,,
,,,,,,,,,,,,,,,,,,
,,,,,,,,,,,,,,,,,,
,,,,,,,,,,,,,,,,,,
,,,,,,,,,,,,,,,,,,
gpu based volume rendering,biomedical imaging,visualization,soft body simulations,physically based animation,physically based rendering,cloth simulation,augmented reality,,,,,,,,,,,
ontology-based classification,mind uploading,,,,,,,,,,,,,,,,,
computational biology,big data analysis,computational social science,,,,,,,,,,,,,,,,
big data analytics,data mining,machine learning,human computer interaction,,,,,,,,,,,,,,,
data provenance,e-commerce,data warehouse,,,,,,,,,,,,,,,,
bioinformatics,biometrics,social computing,,,,,,,,,,,,,,,,
,,,,,,,,,,,,,,,,,,
,,,,,,,,,,,,,,,,,,
,,,,,,,,,,,,,,,,,,
,,,,,,,,,,,,,,,,,,
data mining,computer architecture,design,analysis of algorithms,,,,,,,,,,,,,,,
intelligent,multi-agent systems,"scheduling issues in distributed systems
security",management issues in next generation networks,,,,,,,,,,,,,,,
data,text mining,machine learning,research trends in artificial intelligence,information retrieval,computability,complexity,graph theory,algorithms.,,,,,,,,,,
"insider threats detection
risk assessment","prevention
efficient video processing techniques
cloud computing",,,,,,,,,,,,,,,,,
"internet of things
smart sensors",networks,,,,,,,,,,,,,,,,,
big data analytics,data mining,date warehousing,,,,,,,,,,,,,,,,
networking,telecommunication,wireless ad-hoc networks,,,,,,,,,,,,,,,,
image processing,pattern recognition,machine learning,,,,,,,,,,,,,,,,
"software engineering
use of software metrics for improving software processes
social network analysis",,,,,,,,,,,,,,,,,,
"electronics
computer network",,,,,,,,,,,,,,,,,,
"network security
technology in education",,,,,,,,,,,,,,,,,,
"software design
software testing",,,,,,,,,,,,,,,,,,
computer organization,"architecture
intelligent systems
human computer interaction
computer negtworks",,,,,,,,,,,,,,,,,
"human computer interaction
artificial intelligence",,,,,,,,,,,,,,,,,,
wban (wireless body area network),wireless adhoc network,wireless sensor network,,,,,,,,,,,,,,,,
security,computer networks,telecommunication infrastructure,wireless ad-hoc networks,system administration.,,,,,,,,,,,,,,
"human computer interaction
user experience
interaction design
intelligent systems",,,,,,,,,,,,,,,,,,
"system architect
machine learning
big data
network security",,,,,,,,,,,,,,,,,,
ubiquitous computing,wireless networks,,,,,,,,,,,,,,,,,
reports on  census of pakistan  1951,1961,1972,1981,"1998
demography analysis of pakistan
 apply  pearson’s system of frequency curve in different date set of pdf",pgs with complete programming in r,"sas

?",,,,,,,,,,,,
data science,predictive analysis based decision support system.,,,,,,,,,,,,,,,,,
software costing,"estimation
software quality
big data analytics",,,,,,,,,,,,,,,,,
,,,,,,,,,,,,,,,,,,
,,,,,,,,,,,,,,,,,,
"mpls on satellite communication
wearable body area networks
network  security",,,,,,,,,,,,,,,,,,
,,,,,,,,,,,,,,,,,,
"analog ic designing
semicinductor devices",,,,,,,,,,,,,,,,,,
"artificial intelligence
software engineering",,,,,,,,,,,,,,,,,,
,,,,,,,,,,,,,,,,,,
,,,,,,,,,,,,,,,,,,
"theoretical computer science
algorithm",complexities,,,,,,,,,,,,,,,,,
"information system audit
information security
it governance
it risk management
telecommunication","networking
global it st",ards,frameworks,,,,,,,,,,,,,,,
"machine learning
intelligent systems
theoretical computer science
algorithm","complexities
energy systems
robotics
renewable energy.",,,,,,,,,,,,,,,,,
data,"text mining
machine learning
information retrieval",,,,,,,,,,,,,,,,,
"big data analysis
nosql databases
grid computing
data mining",,,,,,,,,,,,,,,,,,
,,,,,,,,,,,,,,,,,,
"grid computing
data mining",,,,,,,,,,,,,,,,,,
"big data analysis
nosql databases
grid computing
data mining",,,,,,,,,,,,,,,,,,
energy systems,,,,,,,,,,,,,,,,,,
,,,,,,,,,,,,,,,,,,
,,,,,,,,,,,,,,,,,,
,,,,,,,,,,,,,,,,,,
,,,,,,,,,,,,,,,,,,
modelling,simulation of grid-connected photovoltaic system,efficient battery charging devices for pv system,intelligent control,non-linear systems,exploitation of evolutionary algorithms such as genetic algorithm (ga),particle swarm optimization (pso),differential evolution (de) in engineering applications.,,,,,,,,,,,
,,,,,,,,,,,,,,,,,,
,,,,,,,,,,,,,,,,,,
building energy efficiency,data fusion,uncertainty analysis,robust control.,,,,,,,,,,,,,,,
,,,,,,,,,,,,,,,,,,
,,,,,,,,,,,,,,,,,,
,,,,,,,,,,,,,,,,,,
,,,,,,,,,,,,,,,,,,
,,,,,,,,,,,,,,,,,,
artificial intelligence,human computer interaction,machine learning,,data mining.,,,,,,,,,,,,,,
human computer interactions,semantic web,ubiquitous computing,,,,,,,,,,,,,,,,
,,,,,,,,,,,,,,,,,,
text summarization,machine learning,information retrieval,influence mining,affective computing,psychology,computational linguistics.,,,,,,,,,,,,
,,,,,,,,,,,,,,,,,,
mobile computing,human computer interaction,mobile game development.,,,,,,,,,,,,,,,,
telemedicine,telematics,optical-laser communication system,satellite communication,micro wave [los] communication system etc.,,,,,,,,,,,,,,
,,,,,,,,,,,,,,,,,,
,,,,,,,,,,,,,,,,,,
digital processing,management tools for 2d,3d shape repositories,geometric modeling,data structures,advanced programming,algorithm analysis,digital computer logic,computer architecture,linear algebra,discrete mathematics.,,,,,,,,
social network analysis,l,use change,climate change adaptation,infectious disease transmission,social anthropology,,,,,,,,,,,,,
artificial intelligence,planning graphs,,,,,,,,,,,,,,,,,
robotics,machine learning,probabilistic reasoning,computational intelligence,,,,,,,,,,,,,,,
design,analysis of efficient algorithms,graph theory,discrete,combinatorial optimization,,machine learning,data mining.,,,,,,,,,,,
computer architecture,compiler optimizations,natural languages,,,,,,,,,,,,,,,,
rdbms,distributed systems,multi-agent system (mas),data minning,data minning techniques.,,,,,,,,,,,,,,
,,,,,,,,,,,,,,,,,,
information retrieval,processing,web usability engineering,software quality assurance,,,,,,,,,,,,,,,
research interests include the security aspects of multimedia (audio,video),compression,encryption,steganography,secure transmission,the key management schemes for st,ard,scalable video.,,,,,,,,,,
natural language processing,automated software engineering,image processing,machine translation,,,,,,,,,,,,,,,
formal software engineering,software architecture,multi-agent robotics,,,,,,,,,,,,,,,,
,,,,,,,,,,,,,,,,,,
computer networks,,,,,,,,,,,,,,,,,,
programming,networking,,,,,,,,,,,,,,,,,
wireless sensor networks. internet of things(iot),scheduling patterns of sensor messages,node failures management,qos aware message scheduling,,,,,,,,,,,,,,,
,,,,,,,,,,,,,,,,,,
machine learning,data science,data mining,statistical pattern analysis in general but with a particular interest in probabilistic approaches of high-dimensional data projection approaches,their use in answering questions related to biological problems related to protein analytics,patient specific analytics etc.,,,,,,,,,,,,,
,,,,,,,,,,,,,,,,,,
machine learning,,,,,,,,,,,,,,,,,,
data mining,network programming,,,,,,,,,,,,,,,,,
wireless sensor network,,,,,,,,,,,,,,,,,,
computer networks,,,,,,,,,,,,,,,,,,
,,,,,,,,,,,,,,,,,,
,,,,,,,,,,,,,,,,,,
,,,,,,,,,,,,,,,,,,
,,,,,,,,,,,,,,,,,,
,,,,,,,,,,,,,,,,,,
,,,,,,,,,,,,,,,,,,
,,,,,,,,,,,,,,,,,,
,,,,,,,,,,,,,,,,,,
,,,,,,,,,,,,,,,,,,
,,,,,,,,,,,,,,,,,,
data mining with emphasis of big data analytics,machine learning,applications of machine learning,data mining,decision support system,applications of machine learning in health sciences,,,,,,,,,,,,,
computer networks (information network security (access control,authorization),cloud computing security),,,,,,,,,,,,,,,,
,,,,,,,,,,,,,,,,,,
image classification,image retrieval,content-based image retrieval,machine learning,computer vision,,,,,,,,,,,,,,
,,,,,,,,,,,,,,,,,,
wireless communication,networks,,,,,,,,,,,,,,,,,
e-commerce,usability testing,user interface design,user acceptance testing,user experience design,databases,requirement engineering,analysis,human-computer-interaction.,,,,,,,,,,
data mining (classification,prediction,online social networks,recommender systems,other similar topics),information security (privacy preservation,authentication,other similar topics).,,,,,,,,,,,
geographical information system,advanced theory of computation,big data analytics,,,,,,,,,,,,,,,,
,,,,,,,,,,,,,,,,,,
,,,,,,,,,,,,,,,,,,
software engineering,model-based software engineering,model-based testing,software architecture,design,software process improvement,formal methods,model checking,software quality assurance,software testing,programming techniques,parallel programming,mobile computing,autimated testing,,,,,
computer architecture,operating system,computer networks,,,,,,,,,,,,,,,,
,,,,,,,,,,,,,,,,,,
research paper recommender systems (co-citation,bibliographic analysis,content,metadata based recommendation),information retrieval in digital libraries (rule based information extraction from pdf sources),,,,,,,,,,,,,,
wireless sensor networks (wsn),wireless body area networks (wban),internet of things (iot),energy harvesting (eh),,,,,,,,,,,,,,,
wireless networks,cognitive radio networks.,,,,,,,,,,,,,,,,,
,,,,,,,,,,,,,,,,,,
network techonologies,information technology,,,,,,,,,,,,,,,,,
programming,networks,,,,,,,,,,,,,,,,,
,,,,,,,,,,,,,,,,,,
,,,,,,,,,,,,,,,,,,
software engineering,,,,,,,,,,,,,,,,,,
,,,,,,,,,,,,,,,,,,
,,,,,,,,,,,,,,,,,,
,,,,,,,,,,,,,,,,,,
,,,,,,,,,,,,,,,,,,
,,,,,,,,,,,,,,,,,,
,,,,,,,,,,,,,,,,,,
,,,,,,,,,,,,,,,,,,
,,,,,,,,,,,,,,,,,,
,,,,,,,,,,,,,,,,,,
,,,,,,,,,,,,,,,,,,
,,,,,,,,,,,,,,,,,,
,,,,,,,,,,,,,,,,,,
,,,,,,,,,,,,,,,,,,
,,,,,,,,,,,,,,,,,,
,,,,,,,,,,,,,,,,,,
,,,,,,,,,,,,,,,,,,
,,,,,,,,,,,,,,,,,,
,,,,,,,,,,,,,,,,,,
,,,,,,,,,,,,,,,,,,
,,,,,,,,,,,,,,,,,,
,,,,,,,,,,,,,,,,,,
,,,,,,,,,,,,,,,,,,
,,,,,,,,,,,,,,,,,,
,,,,,,,,,,,,,,,,,,
,,,,,,,,,,,,,,,,,,
,,,,,,,,,,,,,,,,,,
,,,,,,,,,,,,,,,,,,
ngs data (assembly,annotation,metabolic pathways analysis),computational biology.,,,,,,,,,,,,,,,
software engineering,project management,programming,management information system,geographic information systems,information system control,audit,dbms,,,,,,,,,,,
,,,,,,,,,,,,,,,,,,
,,,,,,,,,,,,,,,,,,
,,,,,,,,,,,,,,,,,,
,,,,,,,,,,,,,,,,,,
,,,,,,,,,,,,,,,,,,
,,,,,,,,,,,,,,,,,,
using geospatial technologies to strengthen,integrate health systems,,,,,,,,,,,,,,,,,
his core expertise are in the field of machine learning,his focused area of research is “text classification”.,,,,,,,,,,,,,,,,,
,,,,,,,,,,,,,,,,,,
trusted computing along with agent oriented technologies,,machine learning along with data mining,,,,,,,,,,,,,,,,
,,,,,,,,,,,,,,,,,,
,,,,,,,,,,,,,,,,,,
,,,,,,,,,,,,,,,,,,
,,,,,,,,,,,,,,,,,,
human acceptance of autonomous social media agent,,,,,,,,,,,,,,,,,,
computer engineering,,,,,,,,,,,,,,,,,,
,,,,,,,,,,,,,,,,,,
enterprise modeling,software engineering,information retrieval,information,knowledge modeling,information logistics,,,,,,,,,,,,,
,,,,,,,,,,,,,,,,,,
,,,,,,,,,,,,,,,,,,
web engineering,web semantics,web 2.0,lifelogging,smartphones,information overload,technology for people with special needs,,,,,,,,,,,,
database security (fine grained security techniques,k-anonymity,digital watermarking,data encryption),data warehousing (data quality techniques,data de-duplication),data mining,big data analytics,,,,,,,,,,,
sentiment analysis,text simplification,plagiarism detection,automatic paraphrasing,,,,,,,,,,,,,,,
networks,mobile adhoc networks,wireless sensor networks,distrinuted systems,differential services,routing algorithms,internet protocol ipv6,,,,,,,,,,,,
agile software development,software quality,empirical research in software engineering,,,,,,,,,,,,,,,,
concurrency,parallelism operating system kernels programming languages computer architecture internet of things,,,,,,,,,,,,,,,,,
human computer interaction,technology enhanced learning,learning analytics,persuasive technologies,ux design,,,,,,,,,,,,,,
middleware,sensor networks,embedded systems,pervasive computing,wireless communications.,,,,,,,,,,,,,,
,,,,,,,,,,,,,,,,,,
intelligent transport system,security,privacy,formal modelling delay tolerant networking,multicasting,,,,,,,,,,,,,,
60-ghz networks,resource allocation in hetnets,capacity analysis in wireless networks,,,,,,,,,,,,,,,,
artificial intelligence,machine learning,neural networks,algorithms,,,,,,,,,,,,,,,
,,,,,,,,,,,,,,,,,,
network security,,,,,,,,,,,,,,,,,,
,,,,,,,,,,,,,,,,,,
artificial intelligence,natural language processing,,,,,,,,,,,,,,,,,
artificial intelligence-artificial neural networks artificial intelligence-particle swarm optimization,,,,,,,,,,,,,,,,,,
datamining,,,,,,,,,,,,,,,,,,
blockchain,cryptocurrencies,graph theory,social networks,combinatorial optimization,algorithm engineering,game theory,algorithmic trading,,,,,,,,,,,
numerical solution of initial,initial boundary value problems.,,,,,,,,,,,,,,,,,
biostatistics: statistical genetics,bioinformatics,linear,mixed linear models,experimental designs,,,,,,,,,,,,,,
applied statistics,biostatistics,,,,,,,,,,,,,,,,,
biostatistics,,,,,,,,,,,,,,,,,,
bayesian statistics,,,,,,,,,,,,,,,,,,
fluid dynamics,,,,,,,,,,,,,,,,,,
statistics,human resources management,,,,,,,,,,,,,,,,,
statistics,,,,,,,,,,,,,,,,,,
mobile ad hoc networks (manets),,,,,,,,,,,,,,,,,,
,,,,,,,,,,,,,,,,,,
machine learning in security,privacy,,,,,,,,,,,,,,,,,
,,,,,,,,,,,,,,,,,,
,,,,,,,,,,,,,,,,,,
,,,,,,,,,,,,,,,,,,
,,,,,,,,,,,,,,,,,,
,,,,,,,,,,,,,,,,,,
,,,,,,,,,,,,,,,,,,
,,,,,,,,,,,,,,,,,,
,,,,,,,,,,,,,,,,,,
,,,,,,,,,,,,,,,,,,
,,,,,,,,,,,,,,,,,,
,,,,,,,,,,,,,,,,,,
,,,,,,,,,,,,,,,,,,
,,,,,,,,,,,,,,,,,,
wireless sensor network,,,,,,,,,,,,,,,,,,
software modularization,software architecture recovery,bugs prioritization,software quality metrics,clustering,classification,digital forensics (files recovery),,,,,,,,,,,,
informational and business support system,,,,,,,,,,,,,,,,,,
informational and business support system,,,,,,,,,,,,,,,,,,
software engineering,,,,,,,,,,,,,,,,,,
embedded system engineering,,,,,,,,,,,,,,,,,,
information technology,,,,,,,,,,,,,,,,,,
software engineering,,,,,,,,,,,,,,,,,,
software engineering,,,,,,,,,,,,,,,,,,
software engineering,,,,,,,,,,,,,,,,,,
software engineering,,,,,,,,,,,,,,,,,,
information technology,finance,,,,,,,,,,,,,,,,,
computer science,,,,,,,,,,,,,,,,,,
software engineering,,,,,,,,,,,,,,,,,,
computer science,,,,,,,,,,,,,,,,,,
,,,,,,,,,,,,,,,,,,
software engineering,,,,,,,,,,,,,,,,,,
software engineering,,,,,,,,,,,,,,,,,,
computer science,,,,,,,,,,,,,,,,,,
computer science,,,,,,,,,,,,,,,,,,
computer system engineering,,,,,,,,,,,,,,,,,,
software engineering,,,,,,,,,,,,,,,,,,
computer science,,,,,,,,,,,,,,,,,,
electronic system engineering,optical communication systems,,,,,,,,,,,,,,,,,
,,,,,,,,,,,,,,,,,,
,,,,,,,,,,,,,,,,,,
,,,,,,,,,,,,,,,,,,
,,,,,,,,,,,,,,,,,,
system engineering,,,,,,,,,,,,,,,,,,
,,,,,,,,,,,,,,,,,,
,,,,,,,,,,,,,,,,,,
,,,,,,,,,,,,,,,,,,
,,,,,,,,,,,,,,,,,,
communication,electronics,,,,,,,,,,,,,,,,,
electronics design,,,,,,,,,,,,,,,,,,
,,,,,,,,,,,,,,,,,,
software engineering,,,,,,,,,,,,,,,,,,
pattern recognition,non-destructive testing,biomedical engineering,chemometrics,image,signal processing,knowledge based,decision systems,,,,,,,,,,,
electrical impedance tomography,inverse algorithms,evolutionary algorithms (eas),robotic vision,bioinformatics,,,,,,,,,,,,,,
machine learning,big data anaysis,data mining,artificial intelligence,semantic analysis,,,,,,,,,,,,,,
digital multimedia systems,video compression,communication,video transcoding,content adaptation,pervasive media delivery,,,,,,,,,,,,,
medical image processing,analysis,digital signal processing,numerical methods,,,,,,,,,,,,,,,
pruning,quantizing cnn,gpgpu,,,,,,,,,,,,,,,,
